<?xml version="1.0" encoding="utf-8"?>
<ApplicationInstallerManifest>
   <DefaultInstallationDirectory>/usr/UTD/importCarGPS/</DefaultInstallationDirectory>
   <ApplicationName>importCarGPS</ApplicationName>
   <ExecutableName>application/importCarGPS.exe</ExecutableName>
   <GUID>5ccafb52-0546-4051-ab7b-ee18ac433f7f</GUID>
   <ApplicationIcon>default_icon_48.png</ApplicationIcon>
   <Logo>default_logo.png</Logo>
   <Version>2.0</Version>
   <InstallationNotes>In the following directions, replace MR/v97 by the directory on the target machine where MATLAB is installed, or MR by the directory where the MATLAB Runtime is installed.

(1) Set the environment variable XAPPLRESDIR to this value:

MR/v97/X11/app-defaults


(2) If the environment variable LD_LIBRARY_PATH is undefined, set it to the following:

MR/v97/runtime/glnxa64:MR/v97/bin/glnxa64:MR/v97/sys/os/glnxa64:MR/v97/sys/opengl/lib/glnxa64

If it is defined, set it to the following:

${LD_LIBRARY_PATH}:MR/v97/runtime/glnxa64:MR/v97/bin/glnxa64:MR/v97/sys/os/glnxa64:MR/v97/sys/opengl/lib/glnxa64
</InstallationNotes>
   <AuthorOrganization>UTD</AuthorOrganization>
   <WelcomePanelText>importCarGPS 2.0
Lakitha Wijeratne
lhw150030@utdallas.edu</WelcomePanelText>
   <MCRProducts>
      <MCRProduct>
         <ExternalProductIdentifier>35000</ExternalProductIdentifier>
      </MCRProduct>
      <MCRProduct>
         <ExternalProductIdentifier>35010</ExternalProductIdentifier>
      </MCRProduct>
      <MCRProduct>
         <ExternalProductIdentifier>35106</ExternalProductIdentifier>
      </MCRProduct>
      <MCRProduct>
         <ExternalProductIdentifier>35108</ExternalProductIdentifier>
      </MCRProduct>
      <MCRProduct>
         <ExternalProductIdentifier>35112</ExternalProductIdentifier>
      </MCRProduct>
      <MCRProduct>
         <ExternalProductIdentifier>35117</ExternalProductIdentifier>
      </MCRProduct>
      <MCRProduct>
         <ExternalProductIdentifier>35119</ExternalProductIdentifier>
      </MCRProduct>
      <MCRProduct>
         <ExternalProductIdentifier>35180</ExternalProductIdentifier>
      </MCRProduct>
      <MCRProduct>
         <ExternalProductIdentifier>35196</ExternalProductIdentifier>
      </MCRProduct>
   </MCRProducts>
</ApplicationInstallerManifest>