<?xml version="1.0" encoding="utf-8"?>
<productAdditionalComps>
   <dependsOn>
      <component>
         <name>importUTDNodesData</name>
         <locale/>
         <platformList>
            <platform>glnxa64</platform>
         </platformList>
         <version>1.0</version>
      </component>
   </dependsOn>
   <isControllingProduct>true</isControllingProduct>
   <platform>glnxa64</platform>
   <productName>importUTDNodesData</productName>
   <productNumber>5000</productNumber>
   <productBaseCode>importUTDNodesData</productBaseCode>
   <productVersion>1.0</productVersion>
   <releaseFamily>R2019b</releaseFamily>
   <releaseDescription>R2019b</releaseDescription>
</productAdditionalComps>